argo;argo;name;argo;
argo;calypso;MOSwitch;66;
argo;calypso;MOConstructorInvocation;1335;
argo;calypso;MOJavaEnum;5;
argo;calypso;MOTypeParameter;13;
argo;calypso;MOWhile;509;
argo;calypso;MOParametrizedTypeReference;12;
argo;calypso;MOPrimitiveType;8;
argo;calypso;MOSynchronizedBlock;106;
argo;calypso;MOJava;1;
argo;calypso;MOQualifiedTypeReference;2;
argo;calypso;MOArrayTypeReference;1390;
argo;calypso;MOArrayAccess;912;
argo;calypso;name;calypso;
argo;calypso;MOParametrizableClass;7;
argo;calypso;MOContinue;176;
argo;calypso;MOCatch;1084;
argo;calypso;MOAttributeAccess;6617;
argo;calypso;MOPrimitiveTypeReference;8;
argo;calypso;MOReturnEmpty;849;
argo;calypso;MOFor;423;
argo;calypso;MONewInvocation;8866;
argo;calypso;MOBinaryArithmeticOperation;17845;
argo;calypso;MOAnnotationInstance;2215;
argo;calypso;MOUnaryArithmeticOperation;2899;
argo;calypso;MOEnumEntry;25;
argo;calypso;MOTryCatch;952;
argo;calypso;MOConditionalExpression;202;
argo;calypso;MODoWhile;11;
argo;calypso;MOVariableArgumentsParameter;3;
argo;calypso;MOJavaClass;2042;
argo;calypso;MOIfElse;12236;
argo;calypso;MOStatementDeclaration;3;
argo;calypso;MOLabelWithStatement;5;
argo;calypso;MOConstructor;1871;
argo;calypso;MOStaticInitializer;37;
argo;calypso;MOCastExpression;4235;
argo;calypso;MOForEach;1127;
argo;calypso;MOImport;17236;
argo;calypso;MOBreak;150;
argo;calypso;MOParametrizableClassType;2;
argo;calypso;MODeclarationUnit;1884;
argo;calypso;MOAssertionStatement;133;
argo;calypso;MOThrow;2112;
argo;calypso;MOParametrizableMethod;4;
argo;calypso;MOJavaClassType;184;
argo;epaie;MOSynchronizedBlock;106;
argo;epaie;MOPackage;238;
argo;epaie;MOAnnotationInstance;2215;
argo;epaie;name;epaie;
argo;epaie;MOParametrizableClass;7;
argo;epaie;MOParametrizableClassType;2;
argo;epaie;MOParametrizedTypeReference;12;
argo;epaie;MOImport;17236;
argo;epaie;MOConstructor;1871;
argo;epaie;MOCatch;1084;
argo;epaie;MOArrayTypeReference;1390;
argo;epaie;MOArrayLiteral;164;
argo;epaie;MOBreak;150;
argo;epaie;MOQualifiedTypeReference;2;
argo;epaie;MOParametrizableMethod;4;
argo;epaie;MOConstructorInvocation;1335;
argo;epaie;MOAssertionStatement;133;
argo;epaie;MOConditionalExpression;202;
argo;epaie;MOContinue;176;
argo;epaie;MOTypeParameter;13;
argo;epaie;MOTryCatch;952;
argo;epaie;MOJavaEnum;5;
argo;epaie;MOStaticInitializer;37;
argo;epaie;MOJavaClassType;184;
argo;epaie;MOFor;423;
argo;epaie;MOPackageReference;238;
argo;epaie;MOJavaClass;2042;
argo;epaie;MOVariableArgumentsParameter;3;
argo;epaie;MOJava;1;
argo;epaie;MOCharacterLiteral;211;
argo;epaie;MODoWhile;11;
argo;epaie;MOCastExpression;4235;
argo;epaie;MOLabelWithStatement;5;
argo;epaie;MOThrow;2112;
argo;epaie;MOSwitch;66;
argo;epaie;MOStatementDeclaration;3;
argo;moose;MOSwitch;66;
argo;moose;MOConstructorInvocation;1335;
argo;moose;MOJavaEnum;5;
argo;moose;MOTypeParameter;13;
argo;moose;MOWhile;509;
argo;moose;MOParametrizedTypeReference;12;
argo;moose;MOPrimitiveType;8;
argo;moose;MOSynchronizedBlock;106;
argo;moose;MOJava;1;
argo;moose;MOQualifiedTypeReference;2;
argo;moose;MOArrayTypeReference;1390;
argo;moose;MOArrayAccess;912;
argo;moose;name;moose;
argo;moose;MOParametrizableClass;7;
argo;moose;MOContinue;176;
argo;moose;MOCatch;1084;
argo;moose;MOAttributeAccess;6617;
argo;moose;MOPrimitiveTypeReference;8;
argo;moose;MOReturnEmpty;849;
argo;moose;MOFor;423;
argo;moose;MONewInvocation;8866;
argo;moose;MOBinaryArithmeticOperation;17845;
argo;moose;MOAnnotationInstance;2215;
argo;moose;MOUnaryArithmeticOperation;2899;
argo;moose;MOEnumEntry;25;
argo;moose;MOTryCatch;952;
argo;moose;MOConditionalExpression;202;
argo;moose;MODoWhile;11;
argo;moose;MOVariableArgumentsParameter;3;
argo;moose;MOJavaClass;2042;
argo;moose;MOIfElse;12236;
argo;moose;MOStatementDeclaration;3;
argo;moose;MOLabelWithStatement;5;
argo;moose;MOConstructor;1871;
argo;moose;MOStaticInitializer;37;
argo;moose;MOCastExpression;4235;
argo;moose;MOForEach;1127;
argo;moose;MOImport;17236;
argo;moose;MOBreak;150;
argo;moose;MOParametrizableClassType;2;
argo;moose;MODeclarationUnit;1884;
argo;moose;MOAssertionStatement;133;
argo;moose;MOThrow;2112;
argo;moose;MOParametrizableMethod;4;
argo;moose;MOJavaClassType;184;
argo;northwind;MOTypeParameter;13;
argo;northwind;MOConstructorInvocation;1335;
argo;northwind;MOJavaEnum;5;
argo;northwind;MOCharacterLiteral;211;
argo;northwind;MOSwitch;66;
argo;northwind;MOParametrizedTypeReference;12;
argo;northwind;MOSynchronizedBlock;106;
argo;northwind;MOJava;1;
argo;northwind;MOQualifiedTypeReference;2;
argo;northwind;MOArrayTypeReference;1390;
argo;northwind;name;northwind;
argo;northwind;MOParametrizableClass;7;
argo;northwind;MOContinue;176;
argo;northwind;MOCatch;1084;
argo;northwind;MOPackage;238;
argo;northwind;MOReturnEmpty;849;
argo;northwind;MOFloatLiteral;119;
argo;northwind;MOFor;423;
argo;northwind;MOAnnotationInstance;2215;
argo;northwind;MOTryCatch;952;
argo;northwind;MOConditionalExpression;202;
argo;northwind;MODoWhile;11;
argo;northwind;MOVariableArgumentsParameter;3;
argo;northwind;MOJavaClass;2042;
argo;northwind;MOStatementDeclaration;3;
argo;northwind;MOLabelWithStatement;5;
argo;northwind;MOConstructor;1871;
argo;northwind;MOStaticInitializer;37;
argo;northwind;MOPackageReference;238;
argo;northwind;MOCastExpression;4235;
argo;northwind;MOForEach;1127;
argo;northwind;MOImport;17236;
argo;northwind;MOBreak;150;
argo;northwind;MOParametrizableClassType;2;
argo;northwind;MOArrayLiteral;164;
argo;northwind;MOAssertionStatement;133;
argo;northwind;MOParametrizableMethod;4;
argo;northwind;MOThrow;2112;
argo;northwind;MOJavaClassType;184;
argo;petstore;MOReturnEmpty;849;
argo;petstore;MOSynchronizedBlock;106;
argo;petstore;MOEnumEntry;25;
argo;petstore;name;petstore;
argo;petstore;MOParametrizableClass;7;
argo;petstore;MOParametrizableClassType;2;
argo;petstore;MOFloatLiteral;119;
argo;petstore;MOBreak;150;
argo;petstore;MOQualifiedTypeReference;2;
argo;petstore;MOArrayLiteral;164;
argo;petstore;MOParametrizableMethod;4;
argo;petstore;MOConstructorInvocation;1335;
argo;petstore;MOConditionalExpression;202;
argo;petstore;MOContinue;176;
argo;petstore;MOTypeParameter;13;
argo;petstore;MOAssertionStatement;133;
argo;petstore;MOJavaEnum;5;
argo;petstore;MOFor;423;
argo;petstore;MOVariableArgumentsParameter;3;
argo;petstore;MOCharacterLiteral;211;
argo;petstore;MODoWhile;11;
argo;petstore;MOLabelWithStatement;5;
argo;petstore;MOSwitch;66;
argo;petstore;MOStatementDeclaration;3;
calypso;argo;MOStPragma;224;
calypso;argo;name;argo;
calypso;argo;MOMetaClass;762;
calypso;argo;MOStClass;762;
calypso;argo;MOStBlockClosure;2716;
calypso;argo;MOStMethod;5797;
calypso;argo;MOPharo;1;
calypso;argo;MOSharedVariable;10;
calypso;argo;MOStArrayExpression;419;
calypso;argo;MOStCascade;195;
calypso;argo;MOSuperReference;524;
calypso;calypso;name;calypso;
calypso;epaie;MOArrayLiteral;152;
calypso;epaie;MOStPragma;224;
calypso;epaie;MOPackage;58;
calypso;epaie;MOPackageReference;58;
calypso;epaie;name;epaie;
calypso;epaie;MOMetaClass;762;
calypso;epaie;MOStClass;762;
calypso;epaie;MOCharacterLiteral;80;
calypso;epaie;MOStBlockClosure;2716;
calypso;epaie;MOStMethod;5797;
calypso;epaie;MOPharo;1;
calypso;epaie;MOSharedVariable;10;
calypso;epaie;MOStArrayExpression;419;
calypso;epaie;MOStCascade;195;
calypso;epaie;MOSuperReference;524;
calypso;moose;name;moose;
calypso;northwind;MOArrayLiteral;152;
calypso;northwind;MOStPragma;224;
calypso;northwind;MOPackage;58;
calypso;northwind;MOPackageReference;58;
calypso;northwind;name;northwind;
calypso;northwind;MOMetaClass;762;
calypso;northwind;MOStClass;762;
calypso;northwind;MOCharacterLiteral;80;
calypso;northwind;MOStBlockClosure;2716;
calypso;northwind;MOStMethod;5797;
calypso;northwind;MOPharo;1;
calypso;northwind;MOFloatLiteral;32;
calypso;northwind;MOStArrayExpression;419;
calypso;northwind;MOSharedVariable;10;
calypso;northwind;MOStCascade;195;
calypso;northwind;MOSuperReference;524;
calypso;petstore;MOArrayLiteral;152;
calypso;petstore;MOStPragma;224;
calypso;petstore;name;petstore;
calypso;petstore;MOMetaClass;762;
calypso;petstore;MOStClass;762;
calypso;petstore;MOCharacterLiteral;80;
calypso;petstore;MOStBlockClosure;2716;
calypso;petstore;MOStMethod;5797;
calypso;petstore;MOPharo;1;
calypso;petstore;MOFloatLiteral;32;
calypso;petstore;MOStArrayExpression;419;
calypso;petstore;MOSharedVariable;10;
calypso;petstore;MOStCascade;195;
calypso;petstore;MOSuperReference;524;
epaie;argo;MOAlceRedimVariable;293;
epaie;argo;MOConstantAttribute;1021;
epaie;argo;MOAlceFileRename;1;
epaie;argo;MOInfinityLoop;1;
epaie;argo;MODoUntil;93;
epaie;argo;MOArtefactReference;42;
epaie;argo;MOProject;18;
epaie;argo;MOGlobalVariable;1586;
epaie;argo;MOFunction;2709;
epaie;argo;MOAlceExit;18983;
epaie;argo;MOEvent;19;
epaie;argo;MOLibrary;13;
epaie;argo;MOAlceResumeLabel;7628;
epaie;argo;name;argo;
epaie;argo;MOExternalFunction;99;
epaie;argo;MOFileDescriptorLiteral;83;
epaie;argo;MOCase;4271;
epaie;argo;MOClassFunction;23527;
epaie;argo;MOAttributeAccessor;15938;
epaie;argo;MOClassProcedure;14639;
epaie;argo;MOGoToLabel;3318;
epaie;argo;MOSelect;981;
epaie;argo;MOAlceOnErrorGoToLabel;16252;
epaie;argo;MOAlceReport;531;
epaie;argo;MOAlceForm;1147;
epaie;argo;MOAlceFilePrintInto;1;
epaie;argo;MOQueryAttribute;4144;
epaie;argo;MOAlceFileOpen;112;
epaie;argo;MOAlceResume;7052;
epaie;argo;MOGlobalConstant;946;
epaie;argo;MOAlceGoSubLabel;190;
epaie;argo;MOAlias;285;
epaie;argo;MOConstantReference;39644;
epaie;argo;MOVariableAccessor;40;
epaie;argo;MOAlceTable;2303;
epaie;argo;MOSetToReturn;6179;
epaie;argo;MOProcedure;743;
epaie;argo;MOExternalProcedure;8;
epaie;argo;MOEnum;581;
epaie;argo;MOAlceWith;271;
epaie;argo;MOModule;426;
epaie;argo;MOLocalConstant;155;
epaie;argo;MOLabelReference;49329;
epaie;argo;MOColorLiteral;86;
epaie;argo;MONoOp;905;
epaie;argo;MODateLiteral;31;
epaie;argo;MOAlceOnErrorResumeNext;138;
epaie;argo;MOArtefactTypeReference;270;
epaie;argo;MOAccess;1;
epaie;argo;MOAlceQuery;1285;
epaie;argo;MOForNext;341;
epaie;argo;MOStructure;40;
epaie;argo;MOAlceFileLineInput;11;
epaie;calypso;MOAlceRedimVariable;293;
epaie;calypso;MOConstantAttribute;1021;
epaie;calypso;MOWhile;890;
epaie;calypso;MOAlceFileRename;1;
epaie;calypso;MOInfinityLoop;1;
epaie;calypso;MODoUntil;93;
epaie;calypso;MOArtefactReference;42;
epaie;calypso;MOPrimitiveType;41;
epaie;calypso;MOProject;18;
epaie;calypso;MOFunction;2709;
epaie;calypso;MOAlceExit;18983;
epaie;calypso;MOEvent;19;
epaie;calypso;MOLibrary;13;
epaie;calypso;MOArrayAccess;45112;
epaie;calypso;MOAlceResumeLabel;7628;
epaie;calypso;name;calypso;
epaie;calypso;MOExternalFunction;99;
epaie;calypso;MOFileDescriptorLiteral;83;
epaie;calypso;MOCase;4271;
epaie;calypso;MOAttributeAccessor;15938;
epaie;calypso;MOClassProcedure;14639;
epaie;calypso;MOAttributeAccess;102762;
epaie;calypso;MOGoToLabel;3318;
epaie;calypso;MOPrimitiveTypeReference;30;
epaie;calypso;MONewInvocation;694;
epaie;calypso;MOSelect;981;
epaie;calypso;MOAlceOnErrorGoToLabel;16252;
epaie;calypso;MOUnaryArithmeticOperation;10697;
epaie;calypso;MOBinaryArithmeticOperation;152716;
epaie;calypso;MOEnumEntry;5705;
epaie;calypso;MOClassFunction;23527;
epaie;calypso;MOReturnEmpty;96;
epaie;calypso;MOAlceReport;531;
epaie;calypso;MOAlceForm;1147;
epaie;calypso;MOQueryAttribute;4144;
epaie;calypso;MOAlceFileOpen;112;
epaie;calypso;MOAlceFilePrintInto;1;
epaie;calypso;MOAlceResume;7052;
epaie;calypso;MOGlobalConstant;946;
epaie;calypso;MOAlceGoSubLabel;190;
epaie;calypso;MOIfElse;27263;
epaie;calypso;MOConstantReference;39644;
epaie;calypso;MOAlias;285;
epaie;calypso;MOVariableAccessor;40;
epaie;calypso;MOAlceTable;2303;
epaie;calypso;MOSetToReturn;6179;
epaie;calypso;MOProcedure;743;
epaie;calypso;MOExternalProcedure;8;
epaie;calypso;MOEnum;581;
epaie;calypso;MOModule;426;
epaie;calypso;MOAlceWith;271;
epaie;calypso;MOLocalConstant;155;
epaie;calypso;MOForEach;136;
epaie;calypso;MONoOp;905;
epaie;calypso;MOLabelReference;49329;
epaie;calypso;MOColorLiteral;86;
epaie;calypso;MODateLiteral;31;
epaie;calypso;MOAlceOnErrorResumeNext;138;
epaie;calypso;MODeclarationUnit;6532;
epaie;calypso;MOAccess;1;
epaie;calypso;MOArtefactTypeReference;270;
epaie;calypso;MOForNext;341;
epaie;calypso;MOAlceQuery;1285;
epaie;calypso;MOStructure;40;
epaie;calypso;MOAlceFileLineInput;11;
epaie;epaie;name;epaie;
epaie;moose;MOAlceRedimVariable;293;
epaie;moose;MOConstantAttribute;1021;
epaie;moose;MOWhile;890;
epaie;moose;MOAlceFileRename;1;
epaie;moose;MOInfinityLoop;1;
epaie;moose;MODoUntil;93;
epaie;moose;MOArtefactReference;42;
epaie;moose;MOPrimitiveType;41;
epaie;moose;MOProject;18;
epaie;moose;MOFunction;2709;
epaie;moose;MOAlceExit;18983;
epaie;moose;MOEvent;19;
epaie;moose;MOLibrary;13;
epaie;moose;MOArrayAccess;45112;
epaie;moose;MOAlceResumeLabel;7628;
epaie;moose;name;moose;
epaie;moose;MOExternalFunction;99;
epaie;moose;MOFileDescriptorLiteral;83;
epaie;moose;MOCase;4271;
epaie;moose;MOAttributeAccessor;15938;
epaie;moose;MOClassProcedure;14639;
epaie;moose;MOAttributeAccess;102762;
epaie;moose;MOGoToLabel;3318;
epaie;moose;MOPrimitiveTypeReference;30;
epaie;moose;MONewInvocation;694;
epaie;moose;MOSelect;981;
epaie;moose;MOAlceOnErrorGoToLabel;16252;
epaie;moose;MOUnaryArithmeticOperation;10697;
epaie;moose;MOBinaryArithmeticOperation;152716;
epaie;moose;MOEnumEntry;5705;
epaie;moose;MOClassFunction;23527;
epaie;moose;MOReturnEmpty;96;
epaie;moose;MOAlceReport;531;
epaie;moose;MOAlceForm;1147;
epaie;moose;MOQueryAttribute;4144;
epaie;moose;MOAlceFileOpen;112;
epaie;moose;MOAlceFilePrintInto;1;
epaie;moose;MOAlceResume;7052;
epaie;moose;MOGlobalConstant;946;
epaie;moose;MOAlceGoSubLabel;190;
epaie;moose;MOIfElse;27263;
epaie;moose;MOConstantReference;39644;
epaie;moose;MOAlias;285;
epaie;moose;MOVariableAccessor;40;
epaie;moose;MOAlceTable;2303;
epaie;moose;MOSetToReturn;6179;
epaie;moose;MOProcedure;743;
epaie;moose;MOExternalProcedure;8;
epaie;moose;MOEnum;581;
epaie;moose;MOModule;426;
epaie;moose;MOAlceWith;271;
epaie;moose;MOLocalConstant;155;
epaie;moose;MOForEach;136;
epaie;moose;MONoOp;905;
epaie;moose;MOLabelReference;49329;
epaie;moose;MOColorLiteral;86;
epaie;moose;MODateLiteral;31;
epaie;moose;MOAlceOnErrorResumeNext;138;
epaie;moose;MODeclarationUnit;6532;
epaie;moose;MOAccess;1;
epaie;moose;MOArtefactTypeReference;270;
epaie;moose;MOForNext;341;
epaie;moose;MOAlceQuery;1285;
epaie;moose;MOStructure;40;
epaie;moose;MOAlceFileLineInput;11;
epaie;northwind;MOExternalProcedure;8;
epaie;northwind;MOAlceFileLineInput;11;
epaie;northwind;MOArtefactReference;42;
epaie;northwind;MOReturnEmpty;96;
epaie;northwind;MOAlceFilePrintInto;1;
epaie;northwind;MOAlceFileRename;1;
epaie;northwind;MOExternalFunction;99;
epaie;northwind;MOLocalConstant;155;
epaie;northwind;name;northwind;
epaie;northwind;MOAlceFileOpen;112;
epaie;northwind;MOConstantAttribute;1021;
epaie;northwind;MOAlceRedimVariable;293;
epaie;northwind;MOAlceGoSubLabel;190;
epaie;northwind;MOFloatLiteral;213;
epaie;northwind;MODoUntil;93;
epaie;northwind;MONoOp;905;
epaie;northwind;MOEvent;19;
epaie;northwind;MOInfinityLoop;1;
epaie;northwind;MOFileDescriptorLiteral;83;
epaie;northwind;MOForEach;136;
epaie;northwind;MOArtefactTypeReference;270;
epaie;northwind;MOColorLiteral;86;
epaie;northwind;MODateLiteral;31;
epaie;petstore;MOAlceRedimVariable;293;
epaie;petstore;MOConstantAttribute;1021;
epaie;petstore;MOAlceFileRename;1;
epaie;petstore;MOInfinityLoop;1;
epaie;petstore;MODoUntil;93;
epaie;petstore;MOArtefactReference;42;
epaie;petstore;MOProject;18;
epaie;petstore;MOGlobalVariable;1586;
epaie;petstore;MOFunction;2709;
epaie;petstore;MOAlceExit;18983;
epaie;petstore;MOEvent;19;
epaie;petstore;MOLibrary;13;
epaie;petstore;MOAlceResumeLabel;7628;
epaie;petstore;name;petstore;
epaie;petstore;MOExternalFunction;99;
epaie;petstore;MOFileDescriptorLiteral;83;
epaie;petstore;MOCase;4271;
epaie;petstore;MOClassFunction;23527;
epaie;petstore;MOAttributeAccessor;15938;
epaie;petstore;MOClassProcedure;14639;
epaie;petstore;MOReturnEmpty;96;
epaie;petstore;MOGoToLabel;3318;
epaie;petstore;MOFloatLiteral;213;
epaie;petstore;MOSelect;981;
epaie;petstore;MOAlceOnErrorGoToLabel;16252;
epaie;petstore;MOAlceReport;531;
epaie;petstore;MOAlceForm;1147;
epaie;petstore;MOEnumEntry;5705;
epaie;petstore;MOAlceFilePrintInto;1;
epaie;petstore;MOQueryAttribute;4144;
epaie;petstore;MOAlceFileOpen;112;
epaie;petstore;MOAlceResume;7052;
epaie;petstore;MOGlobalConstant;946;
epaie;petstore;MOAlceGoSubLabel;190;
epaie;petstore;MOAlias;285;
epaie;petstore;MOConstantReference;39644;
epaie;petstore;MOVariableAccessor;40;
epaie;petstore;MOAlceTable;2303;
epaie;petstore;MOSetToReturn;6179;
epaie;petstore;MOProcedure;743;
epaie;petstore;MOExternalProcedure;8;
epaie;petstore;MOEnum;581;
epaie;petstore;MOModule;426;
epaie;petstore;MOAlceWith;271;
epaie;petstore;MOLocalConstant;155;
epaie;petstore;MOLabelReference;49329;
epaie;petstore;MONoOp;905;
epaie;petstore;MOColorLiteral;86;
epaie;petstore;MODateLiteral;31;
epaie;petstore;MOAlceOnErrorResumeNext;138;
epaie;petstore;MOArtefactTypeReference;270;
epaie;petstore;MOAccess;1;
epaie;petstore;MOAlceQuery;1285;
epaie;petstore;MOForNext;341;
epaie;petstore;MOStructure;40;
epaie;petstore;MOAlceFileLineInput;11;
moose;argo;MOStPragma;461;
moose;argo;name;argo;
moose;argo;MOMetaClass;678;
moose;argo;MOThisContextReference;2;
moose;argo;MOStClass;678;
moose;argo;MOStBlockClosure;4944;
moose;argo;MOStMethod;7440;
moose;argo;MOPharo;1;
moose;argo;MOSharedVariable;17;
moose;argo;MOStArrayExpression;706;
moose;argo;MOSharedPoolReference;1;
moose;argo;MOStCascade;1353;
moose;argo;MOSuperReference;534;
moose;calypso;name;calypso;
moose;calypso;MOThisContextReference;2;
moose;calypso;MOSharedPoolReference;1;
moose;epaie;MOArrayLiteral;566;
moose;epaie;MOPackage;76;
moose;epaie;MOStPragma;461;
moose;epaie;MOPackageReference;76;
moose;epaie;name;epaie;
moose;epaie;MOMetaClass;678;
moose;epaie;MOThisContextReference;2;
moose;epaie;MOStClass;678;
moose;epaie;MOStBlockClosure;4944;
moose;epaie;MOCharacterLiteral;103;
moose;epaie;MOStMethod;7440;
moose;epaie;MOPharo;1;
moose;epaie;MOSharedVariable;17;
moose;epaie;MOStArrayExpression;706;
moose;epaie;MOSharedPoolReference;1;
moose;epaie;MOStCascade;1353;
moose;epaie;MOSuperReference;534;
moose;moose;name;moose;
moose;northwind;MOArrayLiteral;566;
moose;northwind;MOPackage;76;
moose;northwind;MOStPragma;461;
moose;northwind;MOPackageReference;76;
moose;northwind;name;northwind;
moose;northwind;MOMetaClass;678;
moose;northwind;MOThisContextReference;2;
moose;northwind;MOStClass;678;
moose;northwind;MOStBlockClosure;4944;
moose;northwind;MOCharacterLiteral;103;
moose;northwind;MOStMethod;7440;
moose;northwind;MOPharo;1;
moose;northwind;MOFloatLiteral;273;
moose;northwind;MOStArrayExpression;706;
moose;northwind;MOSharedVariable;17;
moose;northwind;MOSharedPoolReference;1;
moose;northwind;MOStCascade;1353;
moose;northwind;MOSuperReference;534;
moose;petstore;MOArrayLiteral;566;
moose;petstore;MOStPragma;461;
moose;petstore;name;petstore;
moose;petstore;MOMetaClass;678;
moose;petstore;MOThisContextReference;2;
moose;petstore;MOStClass;678;
moose;petstore;MOCharacterLiteral;103;
moose;petstore;MOStBlockClosure;4944;
moose;petstore;MOStMethod;7440;
moose;petstore;MOPharo;1;
moose;petstore;MOFloatLiteral;273;
moose;petstore;MOStArrayExpression;706;
moose;petstore;MOSharedVariable;17;
moose;petstore;MOSharedPoolReference;1;
moose;petstore;MOStCascade;1353;
moose;petstore;MOSuperReference;534;
northwind;argo;MOLabelReference;52;
northwind;argo;MOGlobalConstant;1;
northwind;argo;MOAlceWith;13;
northwind;argo;MOForNext;1;
northwind;argo;MOQueryAttribute;248;
northwind;argo;MOCase;23;
northwind;argo;MOForeignRelation;46;
northwind;argo;MOGlobalVariable;529;
northwind;argo;name;argo;
northwind;argo;MOVariableAccessor;13;
northwind;argo;MOSelect;6;
northwind;argo;MOAlceReport;15;
northwind;argo;MOModule;21;
northwind;argo;MOAlceQuery;27;
northwind;argo;MOEnum;145;
northwind;argo;MOAlceOnErrorGoToLabel;17;
northwind;argo;MOAttributeAccessor;8802;
northwind;argo;MOProcedure;3;
northwind;argo;MOClassProcedure;50;
northwind;argo;MOAlceOnErrorResumeNext;2;
northwind;argo;MOAlias;159;
northwind;argo;MOLibrary;7;
northwind;argo;MOFunction;911;
northwind;argo;MOProject;1;
northwind;argo;MOAlceForm;35;
northwind;argo;MOAlceResume;13;
northwind;argo;MOAlceTable;32;
northwind;argo;MOStructure;4;
northwind;argo;MOForeignRelationMatch;46;
northwind;argo;MOAlceResumeLabel;3;
northwind;argo;MOAlceExit;36;
northwind;argo;MOSetToReturn;87;
northwind;argo;MOAccess;1;
northwind;argo;MOConstantReference;132;
northwind;argo;MOClassFunction;12536;
northwind;calypso;MOWhile;5;
northwind;calypso;MOProject;1;
northwind;calypso;MOPrimitiveType;38;
northwind;calypso;MOFunction;911;
northwind;calypso;MOAlceExit;36;
northwind;calypso;MOForeignRelation;46;
northwind;calypso;MOLibrary;7;
northwind;calypso;MOArrayAccess;85;
northwind;calypso;MOAlceResumeLabel;3;
northwind;calypso;name;calypso;
northwind;calypso;MOForeignRelationMatch;46;
northwind;calypso;MOCase;23;
northwind;calypso;MOAttributeAccessor;8802;
northwind;calypso;MOAttributeAccess;625;
northwind;calypso;MOClassProcedure;50;
northwind;calypso;MOPrimitiveTypeReference;28;
northwind;calypso;MOBinaryArithmeticOperation;190;
northwind;calypso;MONewInvocation;17;
northwind;calypso;MOSelect;6;
northwind;calypso;MOAlceOnErrorGoToLabel;17;
northwind;calypso;MOUnaryArithmeticOperation;42;
northwind;calypso;MOClassFunction;12536;
northwind;calypso;MOEnumEntry;1715;
northwind;calypso;MOAlceReport;15;
northwind;calypso;MOQueryAttribute;248;
northwind;calypso;MOAlceForm;35;
northwind;calypso;MOAlceResume;13;
northwind;calypso;MOGlobalConstant;1;
northwind;calypso;MOAlias;159;
northwind;calypso;MOIfElse;127;
northwind;calypso;MOConstantReference;132;
northwind;calypso;MOVariableAccessor;13;
northwind;calypso;MOAlceTable;32;
northwind;calypso;MOSetToReturn;87;
northwind;calypso;MOProcedure;3;
northwind;calypso;MOEnum;145;
northwind;calypso;MOAlceWith;13;
northwind;calypso;MOModule;21;
northwind;calypso;MOLabelReference;52;
northwind;calypso;MOAlceOnErrorResumeNext;2;
northwind;calypso;MODeclarationUnit;387;
northwind;calypso;MOAlceQuery;27;
northwind;calypso;MOStructure;4;
northwind;calypso;MOAccess;1;
northwind;calypso;MOForNext;1;
northwind;epaie;MOForeignRelationMatch;46;
northwind;epaie;name;epaie;
northwind;epaie;MOForeignRelation;46;
northwind;moose;MOWhile;5;
northwind;moose;MOProject;1;
northwind;moose;MOPrimitiveType;38;
northwind;moose;MOFunction;911;
northwind;moose;MOAlceExit;36;
northwind;moose;MOForeignRelation;46;
northwind;moose;MOLibrary;7;
northwind;moose;MOArrayAccess;85;
northwind;moose;MOAlceResumeLabel;3;
northwind;moose;name;moose;
northwind;moose;MOForeignRelationMatch;46;
northwind;moose;MOCase;23;
northwind;moose;MOAttributeAccessor;8802;
northwind;moose;MOAttributeAccess;625;
northwind;moose;MOClassProcedure;50;
northwind;moose;MOPrimitiveTypeReference;28;
northwind;moose;MOBinaryArithmeticOperation;190;
northwind;moose;MONewInvocation;17;
northwind;moose;MOSelect;6;
northwind;moose;MOAlceOnErrorGoToLabel;17;
northwind;moose;MOUnaryArithmeticOperation;42;
northwind;moose;MOClassFunction;12536;
northwind;moose;MOEnumEntry;1715;
northwind;moose;MOAlceReport;15;
northwind;moose;MOQueryAttribute;248;
northwind;moose;MOAlceForm;35;
northwind;moose;MOAlceResume;13;
northwind;moose;MOGlobalConstant;1;
northwind;moose;MOAlias;159;
northwind;moose;MOIfElse;127;
northwind;moose;MOConstantReference;132;
northwind;moose;MOVariableAccessor;13;
northwind;moose;MOAlceTable;32;
northwind;moose;MOSetToReturn;87;
northwind;moose;MOProcedure;3;
northwind;moose;MOEnum;145;
northwind;moose;MOAlceWith;13;
northwind;moose;MOModule;21;
northwind;moose;MOLabelReference;52;
northwind;moose;MOAlceOnErrorResumeNext;2;
northwind;moose;MODeclarationUnit;387;
northwind;moose;MOAlceQuery;27;
northwind;moose;MOStructure;4;
northwind;moose;MOAccess;1;
northwind;moose;MOForNext;1;
northwind;northwind;name;northwind;
northwind;petstore;MOLabelReference;52;
northwind;petstore;MOGlobalConstant;1;
northwind;petstore;MOAlceWith;13;
northwind;petstore;MOForNext;1;
northwind;petstore;MOQueryAttribute;248;
northwind;petstore;MOEnumEntry;1715;
northwind;petstore;MOCase;23;
northwind;petstore;MOForeignRelation;46;
northwind;petstore;MOGlobalVariable;529;
northwind;petstore;name;petstore;
northwind;petstore;MOVariableAccessor;13;
northwind;petstore;MOSelect;6;
northwind;petstore;MOAlceReport;15;
northwind;petstore;MOModule;21;
northwind;petstore;MOAlceQuery;27;
northwind;petstore;MOEnum;145;
northwind;petstore;MOAlceOnErrorGoToLabel;17;
northwind;petstore;MOAttributeAccessor;8802;
northwind;petstore;MOProcedure;3;
northwind;petstore;MOClassProcedure;50;
northwind;petstore;MOAlceOnErrorResumeNext;2;
northwind;petstore;MOAlias;159;
northwind;petstore;MOLibrary;7;
northwind;petstore;MOFunction;911;
northwind;petstore;MOProject;1;
northwind;petstore;MOAlceForm;35;
northwind;petstore;MOAlceResume;13;
northwind;petstore;MOAlceTable;32;
northwind;petstore;MOStructure;4;
northwind;petstore;MOForeignRelationMatch;46;
northwind;petstore;MOAlceResumeLabel;3;
northwind;petstore;MOAlceExit;36;
northwind;petstore;MOSetToReturn;87;
northwind;petstore;MOAccess;1;
northwind;petstore;MOConstantReference;132;
northwind;petstore;MOClassFunction;12536;
petstore;argo;MONamedArguments;4;
petstore;argo;MONamedSingleArgument;12;
petstore;argo;MOMethodAccess;7;
petstore;argo;name;argo;
petstore;argo;MOLambda;13;
petstore;calypso;MOAnnotationInstance;167;
petstore;calypso;MOWhile;2;
petstore;calypso;name;calypso;
petstore;calypso;MOMethodAccess;7;
petstore;calypso;MOImport;344;
petstore;calypso;MODeclarationUnit;42;
petstore;calypso;MOCatch;4;
petstore;calypso;MOPrimitiveType;5;
petstore;calypso;MOArrayTypeReference;2;
petstore;calypso;MOAttributeAccess;139;
petstore;calypso;MOArrayAccess;1;
petstore;calypso;MOIfElse;24;
petstore;calypso;MOConstructor;7;
petstore;calypso;MONewInvocation;161;
petstore;calypso;MOForEach;1;
petstore;calypso;MOTryCatch;5;
petstore;calypso;MOStaticInitializer;2;
petstore;calypso;MOJavaClassType;7;
petstore;calypso;MOJavaClass;35;
petstore;calypso;MOPrimitiveTypeReference;5;
petstore;calypso;MOUnaryArithmeticOperation;7;
petstore;calypso;MOLambda;13;
petstore;calypso;MOJava;1;
petstore;calypso;MOBinaryArithmeticOperation;51;
petstore;calypso;MOCastExpression;5;
petstore;calypso;MOThrow;1;
petstore;calypso;MONamedSingleArgument;12;
petstore;calypso;MONamedArguments;4;
petstore;epaie;MOPackage;46;
petstore;epaie;MOAnnotationInstance;167;
petstore;epaie;name;epaie;
petstore;epaie;MOMethodAccess;7;
petstore;epaie;MOImport;344;
petstore;epaie;MOConstructor;7;
petstore;epaie;MOCatch;4;
petstore;epaie;MOArrayTypeReference;2;
petstore;epaie;MOTryCatch;5;
petstore;epaie;MOStaticInitializer;2;
petstore;epaie;MOJavaClassType;7;
petstore;epaie;MOJavaClass;35;
petstore;epaie;MOPackageReference;46;
petstore;epaie;MOLambda;13;
petstore;epaie;MOJava;1;
petstore;epaie;MOCastExpression;5;
petstore;epaie;MOThrow;1;
petstore;epaie;MONamedSingleArgument;12;
petstore;epaie;MONamedArguments;4;
petstore;moose;MOAnnotationInstance;167;
petstore;moose;MOWhile;2;
petstore;moose;name;moose;
petstore;moose;MOMethodAccess;7;
petstore;moose;MOImport;344;
petstore;moose;MODeclarationUnit;42;
petstore;moose;MOCatch;4;
petstore;moose;MOPrimitiveType;5;
petstore;moose;MOArrayTypeReference;2;
petstore;moose;MOAttributeAccess;139;
petstore;moose;MOArrayAccess;1;
petstore;moose;MOIfElse;24;
petstore;moose;MOConstructor;7;
petstore;moose;MONewInvocation;161;
petstore;moose;MOForEach;1;
petstore;moose;MOTryCatch;5;
petstore;moose;MOStaticInitializer;2;
petstore;moose;MOJavaClassType;7;
petstore;moose;MOJavaClass;35;
petstore;moose;MOPrimitiveTypeReference;5;
petstore;moose;MOUnaryArithmeticOperation;7;
petstore;moose;MOLambda;13;
petstore;moose;MOJava;1;
petstore;moose;MOBinaryArithmeticOperation;51;
petstore;moose;MOCastExpression;5;
petstore;moose;MOThrow;1;
petstore;moose;MONamedSingleArgument;12;
petstore;moose;MONamedArguments;4;
petstore;northwind;MOPackage;46;
petstore;northwind;MOAnnotationInstance;167;
petstore;northwind;name;northwind;
petstore;northwind;MOMethodAccess;7;
petstore;northwind;MOImport;344;
petstore;northwind;MOConstructor;7;
petstore;northwind;MOCatch;4;
petstore;northwind;MOArrayTypeReference;2;
petstore;northwind;MOForEach;1;
petstore;northwind;MOTryCatch;5;
petstore;northwind;MOStaticInitializer;2;
petstore;northwind;MOJavaClassType;7;
petstore;northwind;MOJavaClass;35;
petstore;northwind;MOPackageReference;46;
petstore;northwind;MOLambda;13;
petstore;northwind;MOJava;1;
petstore;northwind;MOCastExpression;5;
petstore;northwind;MOThrow;1;
petstore;northwind;MONamedSingleArgument;12;
petstore;northwind;MONamedArguments;4;
petstore;petstore;name;petstore;
